{
    "quoteesArray": [
        {
            "quotee": "Ralph Ellison",
            "profession": "Writer",
            "image": "https://www.biography.com/.image/t_share/MTE5NDg0MDU0OTYwMzA5Nzc1/ralph-ellison-9286702-1-402.jpg",
            "quotes": {
                "Invisible Man | 9780241970560": [
                    "When I discover who I am, I’ll be free.",
                    "Life is to be lived, not controlled; and humanity is won by continuing to play in face of certain defeat.",
                    "The world is a possibility if only you'll discover it.",
                    "Power doesn't have to show off. Power is confident, self-assuring, self-starting and self-stopping, self-warming and self-justifying. When you have it, you know it.",
                    "And my problem was that I always tried to go in everyone's way but my own.",
                    "I was looking for myself and asking everyone except myself questions which I, and only I, could answer. It took me a long time and much painful boomeranging of my expectations to achieve a realization everyone else appears to have been born with: That I am nobody but myself.",
                    "Perhaps to lose a sense of where you are implies the danger of losing a sense of who you are.",
                    "The truth is the light and the light is the truth.",
                    "I am invisible, understand, simply because people refuse to see me.",
                    "After years of trying to adopt the opinions of others I finally rebelled.",
                    "I feel the need to reaffirm all of it, the whole unhappy territory and all the things loved and unloveable in it, for it is all part of me."
                ]
            }
        }
    ]
}

  
