{
    "quoteesArray": [
        {
            "quotee": "Tasha Suri",
            "profession": "Author",
            "image": "https://images.gr-assets.com/authors/1519360213p5/17718309.jpg",
            "quotes": {
                "The Jasmine Throne | 9780356515649": [
                    "This was what she had needed. Not forgiveness, not a balm for this strange writhing fury inside her, but the promise of someone to care for--to love--that she could not harm. Even if she had to. Even if she tried.",
                    "After all, power makes everyone monstrous. At least a little.",
                    "There is power that is showy and fierce. And there is power grown slowly, and stronger for the time spent braiding its ancient strength.",
                    "Subtlety was cultivated out of necessity, by people who knew that power needed to be treated with care --who understand how easily it could be stolen or taken."
                ]
            }
        }
    ]
}

  
