{
    "quoteesArray": [
        {
            "quotee": "Angie Thomas",
            "profession": "Author",
            "image": "https://images.ctfassets.net/xuu3iexfiw1t/4UFREzH061f4wd2KiplS3Z/a149c171f5eac8264df34c4ead66fa6b/angie-thomas-author.jpg?w=800&q=72",
            "quotes": {
                "The Hate U Give | 9780062498533": [
                    "What's the point of having a voice if you're gonna be silent in those moments you shouldn't be?",
                    "Brave doesn't mean you're not scared. It means you go on even though you're scared.",
                    "I can't change where I come from or what I've been through, so why should I be ashamed of what makes me, me?",
                    "You can destroy wood and brick, but you can't destroy a movement.",
                    "Once you've seen how broken someone is it's like seeing them naked—you can't look at them the same anymore.",
                    "Good-byes hurt the most when the other person’s already gone.",
                    "Be roses that grow in the concrete.",
                    "When you fight, you put yourself out there, not caring who you hurt or if you'll get hurt."
                ]
            }
        }
    ]
}

  
